text,label,processed
Jelek filmnya... apalagi si ernest gak mutu bgt actingnya... film sampah,negative,"['jelek', 'filmnya', 'ernest', 'enggak', 'mutu', 'banget', 'actingnya', 'film', 'sampah']"
Film king Arthur ini film paling jelek dari seluruh cerita King Arthur ,negative,"['film', 'king', 'arthur', 'film', 'jelek', 'cerita', 'king', 'arthur']"
@beexkuanlin Sepanjang film gwa berkata kasar terus pada bapaknya,negative,"['film', 'gwa', 'kasar', 'bapaknya']"
Ane ga suka fast and furious..menurutku kok jelek ya tu film,negative,"['ane', 'enggak', 'suka', 'fast', 'and', 'furiousmenurutku', 'jelek', 'film']"
"@baekhyun36 kan gua ga tau film nya, lu bilang perang perangan/? Perang""an disebut ama rp yaoi jadi ambigu :v",negative,"['gua', 'enggak', 'film', 'lu', 'bilang-bilang', 'perang', 'perangan', 'perangan', 'rp', 'yaoi', 'ambigu']"
tolong editingnya yg bagus ya. Saya sering kecewa dgn film indonesia. Ditunggu filmnya!!,negative,"['tolong', 'editingnya', 'bagus', 'kecewa', 'film', 'indonesia', 'ditunggu', 'filmnya']"
"Kecewa dgn salah satu aktornya yg ternyata pendukung penista agama. Ah, saya harus bersabar utk tak menonton film ini.",negative,"['kecewa', 'salah', 'aktornya', 'pendukung', 'penista', 'agama', 'ah', 'bersabar', 'menonton', 'film']"
Kecewa parah sama film the guys. Dear @radityadika sorry to say this.,negative,"['kecewa', 'parah', 'film', 'the', 'guys', 'dear', 'sorry', 'sayang', 'this']"
Banyak yg kecewa abis nonton film ini :(,negative,"['kecewa', 'habis', 'menonton', 'film']"
#TheMummy 2017 adalah film yang paling memgecewakan saya selama hidup. Yah padahal sy udh berekspektasi tinggi dan suka bgt mesir kuno.,negative,"['film', 'memgecewakan', 'hidup', 'berekspektasi', 'suka', 'banget', 'mesir', 'kuno']"
"film jelek, jelas. Ga ada isinya. ",negative,"['film', 'jelek', 'jelas-jelas', 'enggak', 'isinya']"
awal bulan ini nonton dua film Indonesia di bioskop: kartini dan critical eleven. penggambaran kartini dan ale juga anya terlalu lemah. :( ,negative,"['menonton', 'film', 'indonesia', 'bioskop', 'kartini', 'critical', 'eleven', 'penggambaran', 'kartini', 'ale', 'anya', 'lemah']"
"Nonton film #Kartini miris , ternyata di jaman itu dan jaman sekarang bangsa kita tetap bodoh, Serakah, Gila kawin .. IRONIS !! #CelotehPagi",negative,"['menonton', 'film', 'miris', 'jaman', 'jaman', 'bangsa', 'bodoh', 'serakah', 'gila', 'kawin', 'ironis']"
"Btw Danur jelek banget, gausah ditonton Hans @hansdavidian gue kebayang lo bakal #meantweets soal film ini ntar! Lol",negative,"['btw', 'danur', 'jelek', 'banget', 'enggak usah', 'ditonton', 'hans', 'gue', 'terbayang', 'lo', 'film', 'entar', 'lol']"
"Film Kartini trlalu singkat, sehingga penonton yg mungkin blm baca biografi jelas ttg Kartini agak bingung. Saya sndiri emg blm baca bukuny.",negative,"['film', 'kartini', 'singkat', 'penonton', 'belum', 'baca', 'biografi', 'jelas-jelas', 'kartini', 'bingung', 'belum', 'baca', 'bukuny']"
"Habis nonton the guys, entah kenapa aku sedikit kecewa nonton film ini.. Dibanding film sebelumnya kok ini anjlok ya",negative,"['habis', 'menonton', 'the', 'guys', 'kecewa', 'menonton', 'film', 'dibanding', 'film', 'anjlok']"
Yang udah nonton film Alien kok pada kecewa ya. Jadi ragu buat nonton.,negative,"['menonton', 'film', 'alien', 'kecewa', 'ragu', 'menonton']"
satu-satunya kerugian nonton film action itu.. aktornya jadi keliatan jelek :p,negative,"['satusatunya', 'kerugian', 'menonton', 'film', 'action', 'aktornya', 'jelek']"
Ini film yang bilang bagus...Kelompoknya doang. Yang kasih penghargaan juga dia2 aj. waktu nonton ternyata jelek.,negative,"['film', 'bilang-bilang', 'baguskelompoknya', 'doang', 'kasih', 'penghargaan', 'menonton', 'jelek']"
"baik, kita sudahi saja. hidup terlalu singkat untuk dihabisken dengan menonton film jelek.",negative,"['sudahi', 'hidup', 'singkat', 'dihabisken', 'menonton', 'film', 'jelek']"
"Film King Arthur itu tidak jelek namun juga tidak bagus. Biasa saja, cenderung mudah dilupakan.",negative,"['film', 'king', 'arthur', 'tidak', 'jelek', 'tidak', 'bagus', 'cenderung', 'mudah', 'dilupakan']"
"Jelek ah jelek Pantas film Dimension tidak pernah dirilis, akting kamu begini ternyata /ga ",negative,"['jelek', 'ah', 'jelek', 'film', 'dimension', 'tidak', 'dirilis', 'akting', 'enggak']"
duh ini film ribet banget ...,negative,"['duh', 'film', 'ribet', 'banget']"
"Dgn durasi film yg tll panjang, alur yg datar, akhirnya stlh #CriticalEleven selesai sy keluar dgn pertanyaan: ini masalahnya apa sih?",negative,"['durasi', 'film', 'tll', 'alur', 'datar', 'selesai', 'apa-apa']"
"Banyak adegan penting yang di potong, jadinya merusak film itu sendiri ",negative,"['adegan', 'potong', 'merusak', 'film']"
"baru selesai nonton film GOAL 3, ternyata penurunan kualitas film nya drastis parah.",negative,"['selesai', 'menonton', 'film', 'goal', 'penurunan', 'kualitas', 'film', 'drastis', 'parah']"
Baru keingat film yang cukup beda dengan buku sampai bikin kecewa teman yang ngajak nonton: Black Bulter,negative,"['keingat', 'film', 'beda', 'buku', 'kecewa', 'teman', 'mengajak', 'menonton', 'black', 'bulter']"
ogah nonton lagi saya. Kecewa ama itu film ,negative,"['ogah', 'menonton', 'kecewa', 'film']"
"Kecewa berat sama film Power Rangers, dibawah ekspektasi banget ",negative,"['kecewa', 'berat', 'film', 'power', 'rangers', 'dibawah', 'ekspektasi', 'banget']"
Bahas soal film yang diangkat dari novel rasanya kalo di bikin film kurang puas aja gitu,negative,"['bahas', 'film', 'diangkat', 'novel', 'film', 'puas']"
"Sebenernya nggak ada yang salah sama akting Prilly di film Danur menurut aku oke oke aja. Yang kurang greget itu ceritanya sih, kurang kuat.",negative,"['enggak', 'salah', 'akting', 'prilly', 'film', 'danur', 'oke', 'oke', 'greget', 'ceritanya', 'kuat']"
"Tadi abis nonton film balap2 mobil itu,tertidur sekitar 15 menit. Entah lelah entah bosan.",negative,"['habis', 'menonton', 'film', 'balap', 'mobil', 'itutertidur', 'menit', 'lelah', 'bosan']"
The mummy film yg terasa mulai aneh sejak pertengahan filmnya #mummy,negative,"['the', 'mummy', 'film', 'aneh', 'pertengahan', 'filmnya']"
"Memang malah kelihatan aneh kalau ada film besutan Marvel yang ga ada post-credit scene nya,kaya film yg habis saya tonton,#Logan.",negative,"['aneh', 'film', 'besutan', 'marvel', 'enggak', 'postcredit', 'scene', 'nyakaya', 'film', 'habis', 'tonton']"
Film norak!!!! ,negative,"['film', 'norak']"
adanya film critical eleven ini jadi merusak image Ale Anya di kepalaku :(,negative,"['film', 'critical', 'eleven', 'merusak', 'image', 'ale', 'anya', 'kepalaku']"
"#FactRica ~ kurang suka sama film-film romantis, karena endingnya pasti jadian",negative,"['suka', 'filmfilm', 'romantis', 'endingnya', 'jadian']"
Dibalik novel yang diangkat jadi film. Terus jadinya kurang. Sesungguhny ada campur tangan produser yang sok tau dengan embel2 lebih menjual,negative,"['dibalik', 'novel', 'diangkat', 'film', 'sesungguhny', 'campur', 'tangan', 'produser', 'sok', 'embel', 'menjual']"
karena ga respect kelakuan si dian sastro ...film itu jadi hambar.... ga bermutu...!!! ,negative,"['enggak', 'respect', 'kelakuan', 'dian', 'sastro', 'film', 'hambar', 'enggak', 'bermutu']"
sebnarnya ini film lumyan bgus..sayangnya aktor n aktrisnya dari rusia jadi filmnya trsa hambar,negative,"['sebnarnya', 'film', 'lumyan', 'bgussayangnya', 'aktor', 'aktrisnya', 'rusia', 'filmnya', 'hambar']"
Kalo Nolan bikin film gak ada perempuan seksi* dan bumbu percintaan selalu hambar.,negative,"['nolan', 'film', 'enggak', 'perempuan', 'seksi', 'bumbu', 'percintaan', 'hambar']"
"1. Insidious (2010) Meski creepy dan bagian awalnya bikin tegang, bagian akhir film ini justru terasa agak datar. Hal tersebut berpengaruh+",negative,"['insidious', 'creepy', 'tegang', 'film', 'datar', 'berpengaruh']"
Ini gue nonton film homo aja rumit bener,negative,"['gue', 'menonton', 'film', 'homo', 'rumit']"
Sayang banget ketika ada film lokal yang bagus tapi budgetnya kurang jadi layar yang bisa di tonton jadi terbatas banget. sayang banget,negative,"['sayang', 'banget', 'film', 'lokal', 'bagus', 'budgetnya', 'layar', 'tonton', 'terbatas', 'banget', 'sayang', 'banget']"
Film macam apa ini? Nonton nya bikin gue menderita -_-,negative,"['film', 'apa-apa', 'menonton', 'gue', 'menderita']"
jadi gue nonton The Mummy ini karena seseorang bilang film nya bagus. tapi kemudian setelah keluar dari bioskop merasa menyesal...,negative,"['gue', 'menonton', 'the', 'mummy', 'bilang-bilang', 'film', 'bagus', 'bioskop', 'menyesal']"
"Semalam nonton film ini, paginya ane download, malem langsung nonton.. ane smpai begadang.. hasilnya? Ane Kecewa... http://fb.me/13sZi5lbC ",negative,"['semalam', 'menonton', 'film', 'paginya', 'ane', 'download', 'malam', 'langsung', 'menonton', 'ane', 'begadang', 'hasilnya', 'ane', 'kecewa']"
"Aku takut kecewa nonton film Danur, takut ga sesuai ekspetasi ketika di buku. Mikir panjang, serius.",negative,"['takut', 'kecewa', 'menonton', 'film', 'danur', 'takut', 'enggak', 'sesuai', 'ekspetasi', 'buku', 'mikir', 'serius']"
Nonton alien : covenant di @cinema21 mall @MciMall kaya nonton bajakan parah ada yg di SKIP mati mati jelek parah!!!! Film bagus jadi jelek ,negative,"['menonton', 'alien', 'covenant', 'mall', 'kayak', 'menonton', 'bajakan', 'parah', 'skip', 'mati', 'mati', 'jelek', 'parah', 'film', 'bagus', 'jelek']"
"gue adalah orang yg jarang bgt nntn film indonesia..krn tiap nntn, gue slalu kecewa sama pembuatan film yg mnrt gue ga totalitas",negative,"['gue', 'orang-orang', 'jarang', 'banget', 'menonton', 'film', 'indonesiakrn', 'menonton', 'gue', 'kecewa', 'pembuatan', 'film', 'mnrt', 'gue', 'enggak', 'totalitas']"
"Awalnya agak ragu mau nonton, karena kebanyakan kecewa waktu nonton film dari adaptasi novel",negative,"['ragu', 'menonton', 'kebanyakan', 'kecewa', 'menonton', 'film', 'adaptasi', 'novel']"
Sebenarnya gamau berekspektasi tinggi sih dari sebuah film yang diangkat dr buku. Biasanya malah kecewa :(,negative,"['enggak mau', 'berekspektasi', 'film', 'diangkat', 'buku', 'kecewa']"
Ya sudah tidur saja kecewa film nya bukan yang diharepin hufy,negative,"['tidur', 'kecewa', 'film', 'bukan', 'diharepin', 'hufy']"
"Sama, ane juga kecewa ma nih film, padahal udah lama nungguin",negative,"['ane', 'kecewa', 'film', 'menunggu']"
Ka @selliyamanto udah nonton #MembabiButa? Agak kecewa nonton film tu,negative,"['kak', 'menonton', 'kecewa', 'menonton', 'film']"
Jenuh nonton film... hambar,negative,"['jenuh', 'menonton', 'film', 'hambar']"
sesal di dada nonton ini film...,negative,"['sesal', 'dada', 'menonton', 'film']"
"Netizen membatalkan nonton film ""Kartini"" gara-gara kelakuan @therealDiSastr. http://bit.ly/2o2iRPY",negative,"['netizen', 'membatalkan', 'menonton', 'film', 'kartini', 'garagara', 'kelakuan']"
"film jelek, jelas. Ga ada isinya.",negative,"['film', 'jelek', 'jelas-jelas', 'enggak', 'isinya']"
Itu film makin aneh ajaa ?,negative,"['film', 'aneh']"
"Agak aneh film terbaru Conan, baru kali ini gk spektakuler. Tp openingnya hancurin gedung sih",negative,"['aneh', 'film', 'terbaru', 'conan', 'kali', 'enggak', 'spektakuler', 'openingnya', 'menghancurkan', 'gedung']"
"@askmenfess Film yang bikin emosional, bener-bener nyedot emosi.",negative,"['film', 'emosional', 'benerbener', 'nyedot', 'emosi']"
@pandji @InsyaAllahSah Film busuk dan artis dungu merusak bhineka,negative,"['film', 'busuk', 'artis-artis', 'dungu', 'merusak', 'bhineka']"
"Kecewa dgn plot cerita film dengan the guys, critanya seakan lompat ga ada proses visual yg bs bikin kta mengerti mengapa amira suka sm alfi",negative,"['kecewa', 'plot', 'cerita', 'film', 'the', 'guys', 'critanya', 'seakan', 'lompat', 'enggak', 'proses', 'visual', 'mengerti', 'amira', 'suka', 'alfi']"
jijik banget sama film ini. apalagi pas dia jadi kelinci gede-_- nightmare parah. https://t.co/eDoiFuS8P5,negative,"['jijik', 'banget', 'film', 'pas', 'kelinci', 'gede', 'nightmare', 'parah']"
"bnyak yg bilang film Mummy jelek, pdahl pengen nonton",negative,"['bilang-bilang', 'film', 'mummy', 'jelek', 'pdahl', 'pengin', 'menonton']"
"Banyak yang bilang, film ini jelek. Daur ulang yang gagal. Di imdb dan ratattote aja ratingnya anjlok. Tp menurutku, aku suka sama film ini",negative,"['bilang-bilang', 'film', 'jelek', 'daur', 'ulang', 'gagal', 'imdb', 'ratattote', 'ratingnya', 'anjlok', 'menurutku', 'suka', 'film']"
Naruto adalah film paling bodoh ke-8 haha #faktanya #quote,negative,"['naruto', 'film', 'bodoh', 'haha']"
Gw ekspektasinya film ini punya kekuatan narasi yg gw bisa jadiin motivasi. Tp kalimat inspiratifnya kurang banyak hehehe,negative,"['gue', 'ekspektasinya', 'film', 'kekuatan', 'narasi', 'gue', 'jadikan', 'motivasi', 'kalimat', 'inspiratifnya', 'hehehe']"
Film e hambar,negative,"['film', 'hambar']"
"Film The Mummy menurut gue gak sesuai harapan, agak agak gimana gitu filmnya, weird. Dan bukan film tipe bang tom seperti biasanya -_-""",negative,"['film', 'the', 'mummy', 'gue', 'enggak', 'sesuai', 'harapan', 'filmnya', 'weird', 'bukan', 'film', 'tipe', 'bang', 'tom']"
yah kirain film baru wkwk penonton kecewaa,negative,"['film', 'wkwk', 'penonton', 'kecewaa']"
"Mau bilang jelek ya bilang aja, sekalipun yg buat film itu teman sendiri. Sebut ""filmya bagus"" padahal biasa aja ngga bkin tmen lu maju sih.",negative,"['bilang-bilang', 'jelek', 'bilang-bilang', 'film', 'teman', 'filmya', 'bagus', 'enggak', 'teman', 'lu', 'maju']"
"Abis nonton King Arthur. Temen gw pesen, sblm nonton ""loh, itu film jelek katanya"" jgn selalu percaya ama pesen yg ada unsur ""KATANYA"" ..",negative,"['habis', 'menonton', 'king', 'arthur', 'teman', 'gue', 'pesan', 'menonton', 'film', 'jelek', 'jangan', 'percaya', 'pesan', 'unsur']"
Kadang lebih gampang nilai film jelek ketimbang nilai film bagus. Mbuh.,negative,"['kadang', 'gampang', 'nilai', 'film', 'jelek', 'ketimbang', 'nilai', 'film', 'bagus', 'embuh']"
Ini film apa dah. Baru mulai udh bgni-_- jijk,negative,"['film', 'apa-apa', 'deh', 'jijk']"
"Film Kartini menang pd pemain"" film yg kelas atas yg sudah punya nama. Tapi ceritany kurang dapat dan kurang riset menurut saya.",negative,"['film', 'kartini', 'menang', 'pemain', 'film', 'kelas', 'nama-nama', 'ceritany', 'riset']"
"Entah aku yg kurang belajar sejarah apa gimana, tapi entah kenapa konflik yg ditampilkan di film Kartini kaya kurang memenuhi ekspektasi aja",negative,"['belajar', 'sejarah', 'apa-apa', 'konflik', 'ditampilkan', 'film', 'kartini', 'kayak', 'memenuhi', 'ekspektasi']"
"Film itu kalau byk di sensor, rasanya g ada, hambar",negative,"['film', 'sensor', 'hambar']"
Semoga ga busuk kyk film yg pertama,negative,"['semoga', 'enggak', 'busuk', 'kayak', 'film']"
Flm apa ini :) arah dan tujuannya nggak jelas.. Nyesel download ! Sabar... Ini ujian ! — menonton Hangout Film,negative,"['film', 'apa-apa', 'arah', 'tujuannya', 'enggak', 'jelas-jelas', 'menyesal', 'download', 'sabar', 'ujian', 'menonton', 'hangout', 'film']"
Hari ini nonton film terasa; hambarr,negative,"['menonton', 'film', 'hambarr']"
Kurang mengerti sama film nya the mummy..,negative,"['mengerti', 'film', 'the', 'mummy']"
Kecewa banyak deh pkoknya.. Setidaknya mslh jam tayang bs aja ngertiin tp klu film di cut itu yg g bs dingertiin #KaulahTakdirkuMembelamu,negative,"['kecewa', 'deh', 'pokoknya', 'jam', 'tayang', 'mengerti', 'film', 'cut', 'dingertiin']"
"Pernah novel favorit di filmkan & hasilnya bikin kecewa parah. Tp dari teaser #CriticalEleven saya yakin, team CE serius sama film ini",negative,"['novel', 'favorit', 'filmkan', 'hasilnya', 'kecewa', 'parah', 'teaser', 'team', 'ce', 'serius', 'film']"
"Intinya, kmren kecewa bgt sama @cinema21 krna mmbiarkan anak kecil nnton film dewasa & jam tayang malam (20.30 WIB) pula #CriticalEleven",negative,"['intinya', 'kemarin', 'kecewa', 'banget', 'mmbiarkan', 'anak-anak', 'kecil-kecil', 'menonton', 'film', 'dewasa', 'jam', 'tayang', 'malam', 'wib']"
Aduh! Film bagian ini jijk parah,negative,"['aduh', 'film', 'jijk', 'parah']"
Kecewa parah nnton film the guys ini. Entah kenapa makin ksini radit bkin film gapernah bener. Lucu juga nggak. Jalan cerita juga gadapet...,negative,"['kecewa', 'parah', 'menonton', 'film', 'the', 'guys', 'kesini', 'radit', 'film', 'enggak pernah', 'lucu', 'enggak', 'jalan', 'cerita', 'gadapet']"
"Agak kecewa sama film Danur, diluar ekspektasi :(",negative,"['kecewa', 'film', 'danur', 'diluar', 'ekspektasi']"
Ancur bgt itu film. Jelekk,negative,"['hancur', 'banget', 'film', 'jelekk']"
Flm nya jelekk bingittsss.,negative,"['film', 'jelekk', 'bingittsss']"
"Film hangout kok biasa aja sih, malah gak jelas sepertinya. Kecewaa",negative,"['film', 'hangout', 'enggak', 'jelas-jelas', 'kecewaa']"
Ternyata ending film kamar 207 jelekk,negative,"['ending', 'film', 'kamar', 'jelekk']"
Filmnya aja ngehek...... ini seriesnya ngehek juga ga,negative,"['filmnya', 'ngehek', 'seriesnya', 'ngehek', 'enggak']"
Kurang suka sama film #pesbukers cewe2 terllu terbuka penampilannya. Kurang baik klo di tonton anak kecil,negative,"['suka', 'film', 'cewek', 'terllu', 'terbuka', 'penampilannya', 'tonton', 'anak-anak', 'kecil-kecil']"
Buried ini film budget termurah dengan tingkat depresi tertinggi,negative,"['buried', 'film', 'budget', 'termurah', 'tingkat', 'depresi', 'tertinggi']"
"lalu setelah film berakhir, mikir ''ngapain nonton film yang isinya anak sma semua..'' terus agak nyesel :(",negative,"['film', 'mikir', 'mengapai', 'menonton', 'film', 'isinya', 'anak-anak', 'menyesal']"
"Gila, film Britney Ever After jelek banget parah! Nyesel nonton walau gak sampe abis.",negative,"['gila', 'film', 'britney', 'ever', 'after', 'jelek', 'banget', 'parah', 'menyesal', 'menonton', 'enggak', 'habis']"
"Film danur nggak seperti novelnya. Harapan lebih serem ternyata cuman bikin boring. Sorry teh, tapi novelnya lebih bagus :)",negative,"['film', 'danur', 'enggak', 'novelnya', 'harapan', 'seram', 'cuman', 'boring', 'sorry', 'teh', 'novelnya', 'bagus']"
ga bakal gua nonton film setan indonesia thur. mengecewakan semua. murahan cuma ngandelin sex,negative,"['enggak', 'gua', 'menonton', 'film', 'setan', 'indonesia', 'thur', 'mengecewakan', 'murahan', 'ngandelin', 'sex']"
"Keren bang flm lo @radityadika persahabatan, keluarga dan cinta kentel banget. Tokoh pemain pas semua keren bang",positive,"['keren-keren', 'bang', 'film', 'lo', 'persahabatan', 'keluarga', 'cinta', 'kentel', 'banget', 'tokoh', 'pemain', 'pas', 'keren-keren', 'bang']"
"Habis nonton film Kong: Skull Island 2017. Lumayan greget filmnya, 7.5 deh.. layak buat nobar",positive,"['habis', 'menonton', 'film', 'kong', 'skull', 'island', 'lumayan', 'greget', 'filmnya', 'deh', 'layak', 'menonton bareng']"
"Bravo untuk #filmkartini! Pemainnya bagus, sudut pandang ceritanya pun menarik. Film yang penting untuk ditonton perempuan dan juga lelaki.",positive,"['bravo', 'pemainnya', 'bagus', 'sudut', 'pandang', 'ceritanya', 'menarik', 'film', 'ditonton', 'perempuan', 'lelaki']"
Abis nonton film #kartini. Bagussss bgt! Dr awal sampe akhir haruuuu,positive,"['habis', 'menonton', 'film', 'bagus', 'banget', 'haruuuu']"
#RomanHarusBertahan bangga menyukai film yg mengandung bnyak makna sperti ini.. @RompisRepost @LayarDrama_RCTI,positive,"['bangga', 'menyukai', 'film', 'mengandung', 'makna', 'rcti']"
"Tiga kata untuk film #danur : cukup, dramatis dan laris.",positive,"['kata-kata', 'film', 'dramatis', 'laris']"
Film kartini.. Meski aku agak telat nontonnya. film ini bagus banget...kalian sukses mendeliver cerita dan pesan.. good job guys... ,positive,"['film', 'kartini', 'telat', 'nontonnya', 'film', 'bagus', 'bangetkalian', 'sukses', 'mendeliver', 'cerita', 'pesan', 'good', 'job', 'guys']"
Aku menangis di akhir film kartini #banggafilmindonesia,positive,"['menangis', 'film', 'kartini']"
"pokoknya kalian harus nonton film kartini, asli KEREN ! @LegacyPictures @Hanungbramantyo nonton di bioskop ya, bikinnya susah loh",positive,"['pokoknya', 'menonton', 'film', 'kartini', 'asli', 'keren-keren', 'menonton', 'bioskop', 'bikinnya', 'susah']"
"film divergent seru-_- ah kenapa udh selesai sih-,-",positive,"['film', 'divergent', 'seru', 'ah', 'selesai']"
"Tentang Get Out. kalo masih ada, cepetan nonton. mending nonton ini dulu daripada Fast Furious 8 http://tz.ucweb.com/4_OaOo ",positive,"['get', 'out', 'cepatan', 'menonton', 'mending', 'menonton', 'fast', 'furious']"
Saya suka video @YouTube http://youtu.be/JxTmtJ0Fc2U?a  TRAILER FILM THE GUYS (di bioskop 13 April 2017),positive,"['suka', 'video', 'trailer', 'film', 'the', 'guys', 'bioskop', 'april']"
"Agak kebanyakan nangis2nya untuk selera saya, tapi secara keseluruhan sy kagum dengan film #Kartini.",positive,"['kebanyakan', 'nangisnya', 'selera', 'kagum', 'film']"
"thank you buat mas @awisuryadi dan tim yg uda buat Danur. film nya keren banget.buat tmn2 yg belum nonton, silakan ditonton. rekomended.",positive,"['thank', 'you', 'mas', 'tim', 'danur', 'film', 'keren-keren', 'bangetbuat', 'teman', 'belum', 'menonton', 'silakan', 'ditonton', 'rekomended']"
#DANUR film horor Indonesia terlaris sepanjang masa dengan 2.690.000 penonton sejak tayang 30 Maret 2017. #ManojPunjabi #DanurMovie,positive,"['film', 'horor', 'indonesia', 'terlaris', 'penonton', 'tayang', 'maret']"
"Bertambah lagi film Indonesia yang bakal jadi favorite. Ya, #CriticalEleven setelah baca buku & nonton. Gak kecewa. Sama2 Bagus @ikanatassa",positive,"['bertambah', 'film', 'indonesia', 'favorite', 'baca', 'buku', 'menonton', 'enggak', 'kecewa', 'bagus']"
nah ini. coba nonton filmnya deh. asik parah ,positive,"['coba', 'menonton', 'filmnya', 'deh', 'asik', 'parah']"
"Nonton Get Out bener2 gk punya ekspektasi apa2, cuma tertarik karna ini filmnya Jordan Peele, dan puas!! Keren parah, film sakit jiwa ini.",positive,"['menonton', 'get', 'out', 'enggak', 'ekspektasi', 'apa-apa', 'tertarik', 'filmnya', 'jordan', 'peele', 'puas', 'keren-keren', 'parah', 'film', 'sakit', 'jiwa']"
"Kalo lagi nyari film comedy, ini recomended nih... Lucu parah! Asli! ",positive,"['mencari', 'film', 'comedy', 'recomended', 'lucu', 'parah', 'asli']"
"Cek tread ini aja, Film gak terkenal yang ternyata asik di tonton - https://kask.us/hezsL  banyak nemu film bagus disini.",positive,"['cek', 'tread', 'film', 'enggak', 'terkenal', 'asik', 'tonton', 'nemu', 'film', 'bagus']"
Sekarang lagi ada film yang bagus banget di bioskop. Judulnya Ziarah. Film Indonesia yang patut diapresiasi.,positive,"['film', 'bagus', 'banget', 'bioskop', 'judulnya', 'ziarah', 'film', 'indonesia', 'patut', 'diapresiasi']"
"Critical eleven film yang bagus. Dari cerita, pemain sampai gambarnya, semuanya bagus. Puas banget dah nontonnya.",positive,"['critical', 'eleven', 'film', 'bagus', 'cerita', 'pemain', 'gambarnya', 'bagus', 'puas', 'banget', 'deh', 'nontonnya']"
Film Ziarah sangat layak ditonton. Pengen peluk sutradaranya yang sukses mengarahkan pemeran mbah Sri - peran umur 95 thn.,positive,"['film', 'ziarah', 'layak', 'ditonton', 'pengin', 'peluk', 'sutradaranya', 'sukses', 'mengarahkan', 'pemeran', 'mbah', 'sri', 'peran', 'umur']"
Dan akhirnya setelah nunggu setahun mulai juga ni film #KantiniDHijabers,positive,"['menunggu', 'setahun', 'film']"
Satu satunya film indonesia yg gue tunggu bgt buat di tonton. Setelah liat filmnya lgsg gagal moveon. Pgn nnton lagiii #CriticalEleven,positive,"['satunya', 'film', 'indonesia', 'gue', 'tunggu', 'banget', 'tonton', 'lihat', 'filmnya', 'langsung', 'gagal', 'moveon', 'pengin', 'menonton']"
Tp rasa bangga-nya pasti akan berkali2 lipat kalo film perdananya bisa meledak di pasaran dan tercatat menjadi film terlaris.,positive,"['bangganya', 'berkali', 'lipat', 'film', 'perdananya', 'meledak', 'pasaran', 'tercatat', 'film', 'terlaris']"
"@CenayangFilm mbah, cucumu barusan nonton Night Bus. gila, keren gini ya. tinggal dikit lagi layarnya di bandung mbah, kasian :(",positive,"['mbah', 'cucumu', 'barusan', 'menonton', 'night', 'bus', 'gila', 'keren-keren', 'tinggal', 'dikit', 'layarnya', 'bandung', 'mbah', 'kasihan']"
"film indonesia terbaik tahun lalu yang saya tonton. #ziarah diputar di bioskop 18 mei 2017. catat di hape, tonton di hari pertamanya.",positive,"['film', 'indonesia', 'terbaik', 'tahun-tahun', 'tonton', 'diputar', 'bioskop', 'mei', 'catat', 'hape', 'tonton', 'pertamanya']"
Dari awal sampe akhir kagum banget sama film the guys raditya dkk kocak banget @cinema21 @sorayafilms #21TheGuysQuiz,positive,"['kagum', 'banget', 'film', 'the', 'guys', 'raditya', 'dkk', 'kocak', 'banget']"
"Papa mama aku juga ikut nonton , mereka termasuk critical sm Film Indonesia,mereka blg film ini Bagus sekali :) terimakasi @Hanungbramantyo",positive,"['papa', 'mama', 'menonton', 'critical', 'film', 'indonesiamereka', 'film', 'bagus', 'terimakasi']"
"Sumpah film danur bagus banget. yg ini nihh baru dapat film yang kenyataan bener,..seru bikin ngageting #DanurMovie",positive,"['sumpah', 'film', 'danur', 'bagus', 'banget', 'film', 'kenyataan', 'benerseru', 'ngageting']"
Buat yg udah nonton The Guys. Pilihan nonton di @cinema21 lainnya adalah #Unlocked film action yg seru. Cocok buat nemenin pas long weekend.,positive,"['menonton', 'the', 'guys', 'pilihan', 'menonton', 'film', 'action', 'seru', 'cocok', 'nemenin', 'pas', 'long', 'weekend']"
Nonton Film The Guys. Filmnya ngakak Abis ada sedihnya juga film dengan paket yg komplit hehehehe Sukses terus @radityadika,positive,"['menonton', 'film', 'the', 'guys', 'filmnya', 'mengakak', 'habis', 'sedihnya', 'film', 'paket', 'komplit', 'hehehehe', 'sukses']"
Sumpah ini film bagus bngt! Nonton berkali-kali gapernah bosen film the guys sangat menginspirasi tnx bang udah buat film ini @radityadika,positive,"['sumpah', 'film', 'bagus', 'banget', 'menonton', 'berkalikali', 'enggak pernah', 'bosan', 'film', 'the', 'guys', 'menginspirasi', 'tnx', 'bang', 'film']"
Kalo belom nonton Kartini harus banget sih nonton! Sama film korea judulnya Obsessed tp 18+++ huehe (),positive,"['belum', 'menonton', 'kartini', 'banget', 'menonton', 'film', 'korea', 'judulnya', 'obsessed', 'huehe']"
Nangis itu gegara nonton film kartini (1982) yang epic banget.,positive,"['menangis', 'gegara', 'menonton', 'film', 'kartini', 'epic', 'banget']"
"Dan film ZIARAH ini muatannya berlapis. Tentang hidup, tentang cinta, tentang sejarah, tentang misteri, banyak sekali yang bisa disimak.",positive,"['film', 'ziarah', 'muatannya', 'berlapis', 'hidup', 'cinta', 'sejarah', 'misteri', 'disimak']"
"90.4| Film ""Kartini"" bisa ditonton oleh semua umur. Karena film ini selain menghibur juga mendidik dan menginspirasi #FFF",positive,"['film', 'kartini', 'ditonton', 'umur', 'film', 'menghibur', 'mendidik', 'menginspirasi']"
"Film sejarah, jarang sekali di negara ini. Jika membaca sejarah saja kita enggan setidaknya tontonlah filmnya @Hanungbramantyo Kartini",positive,"['film', 'sejarah', 'jarang', 'negara', 'membaca', 'sejarah', 'enggan', 'tontonlah', 'filmnya', 'kartini']"
"Pengerjaan film #Kartini terasa sangat sungguh2. Baik dari pemain maupun produksi. Selamat ya, Mas @Hanungbramantyo",positive,"['pengerjaan', 'film', 'sungguh', 'pemain', 'produksi', 'selamat', 'mas']"
Lapor mbah @CenayangFilm film ini keren. Worth to watch. Syukur2 bisa instrospeksi diri abis nonton.,positive,"['lapor', 'mbah', 'film', 'keren-keren', 'worth', 'watch', 'syukur', 'instrospeksi', 'habis', 'menonton']"
"thanks for today @andibowooo :-* film #TheBossBaby bagus banget dapet feel nya dari lucu, ketawa , amazing pokonya ",positive,"['thanks', 'for', 'today', 'film', 'bagus', 'banget', 'feel', 'lucu', 'ketawa', 'amazing', 'pokoknya']"
Film Ziarah teramat sangat keren. Bangga. Layak dapat Oscar...,positive,"['film', 'ziarah', 'teramat', 'keren-keren', 'bangga', 'layak', 'oscar']"
Barusan bgt kelar nntn @filmziarah film lokal pertama yg gue tonton dan berhasil bikin nangis @bewe_bw speechless liat aktingnya @alitalit_,positive,"['barusan', 'banget', 'kelar', 'menonton', 'film', 'lokal', 'gue', 'tonton', 'berhasil', 'menangis', 'bawa', 'speechless', 'lihat', 'aktingnya']"
Bahagia telah dipertemukan dengan film keren ini ,positive,"['bahagia', 'dipertemukan', 'film', 'keren-keren']"
Film Kartini bagus bangettt!!!! Wajib ditonton!,positive,"['film', 'kartini', 'bagus', 'banget', 'wajib', 'ditonton']"
minggu lalu nonton #DANUR mau review seneng juga sih film horror Indonesia sudah bagus lagi @CenayangFilm @ScreenSaversID,positive,"['minggu', 'menonton', 'review', 'senang', 'film', 'horror', 'indonesia', 'bagus']"
"#FilmKartini menginspirasi untuk berjuang menjunjung nilai kebenaran, bukan dominasi penguasa dan kekakuan budaya @LegacyPictures",positive,"['menginspirasi', 'berjuang', 'menjunjung', 'nilai', 'kebenaran', 'bukan', 'dominasi', 'penguasa', 'kekakuan', 'budaya']"
"10. Kalaupun mau bikin film horror, film Danur bisa jadi rujukan .. ringan tapi menakutkan ",positive,"['film', 'horror', 'film', 'danur', 'rujukan', 'ringan', 'menakutkan']"
Banyak moral yg bisa dipetik dari film wonder woman. Salah satunya adalah menjaga auratmu dr cowok hidung belang ?,positive,"['moral', 'dipetik', 'film', 'wonder', 'woman', 'salah', 'satunya', 'menjaga', 'auratmu', 'cowok', 'hidung', 'belang']"
Berikut 5 film horor Indonesia berpendapatan tinggi dalam 10 tahun terakhir. Dapatkan tiket @DanurMovie di http://bit.ly/belidanur,positive,"['film', 'horor', 'indonesia', 'berpendapatan', 'tahun-tahun', 'dapatkan', 'tiket']"
Trust me. #GetOut itu tipe film paling nyaman dinikmati saat kita gak tau sama sekali filmnya mau kemana. Kalau sudah baca sana-sini ya beda,positive,"['trust', 'me', 'tipe', 'film', 'nyaman', 'dinikmati', 'enggak', 'filmnya', 'kemana', 'baca', 'sanasini', 'beda']"
Nonton film #getout berbudget minim tp hasilnya sungguh tk diduga bgtu jenius smp mkir brulang apa yg sbnrnya trjadi,positive,"['menonton', 'film', 'berbudget', 'minim', 'hasilnya', 'sungguh', 'diduga', 'jenius', 'memikir', 'brulang', 'apa-apa', 'sbnrnya']"
Ini salah satu film yg simple tapi hasilnya luarbiasa. Ga aneh film #GetOut dapet critical acclaim.,positive,"['salah', 'film', 'simple', 'hasilnya', 'luarbiasa', 'enggak', 'aneh', 'film', 'critical', 'acclaim']"
"Dan sy bahagia krn film sebagus @filmziarah ditonton oleh mrk. Kalaupun mrk ditugasi gurunya, gurunya itu bagus #filmziarah",positive,"['bahagia', 'film', 'sebagus', 'ditonton', 'ditugasi', 'gurunya', 'gurunya', 'bagus']"
"Film Kartini bagus banget, sebelah saya sampe nangis, artinya film ini mampu memberikan keresahan pada penontonnya.",positive,"['film', 'kartini', 'bagus', 'banget', 'sebelah', 'menangis', 'film', 'keresahan', 'penontonnya']"
"Ini film keren, banyak falsafah hidup. Salut",positive,"['film', 'keren-keren', 'falsafah', 'hidup', 'salut']"
"Males2an diajak liat The Guys, karena masih ngerasa duit terbang percuma pasca nonton Hangout. Eh ini beda ternyata tjoy, film ini keren.",positive,"['malesan', 'diajak', 'lihat', 'the', 'guys', 'duit', 'terbang', 'pasca', 'menonton', 'hangout', 'eh', 'beda', 'tjoy', 'film', 'keren-keren']"
"Permintaan terbuka untuk warganet Indonesia. Jikalau ada waktu + kesempatan, tontonlah film ""Ziarah"". Salah satu yg terbaik yg pernah ada~ ",positive,"['permintaan', 'terbuka', 'warganet', 'indonesia', 'kesempatan', 'tontonlah', 'film', 'ziarah', 'salah', 'terbaik']"
"Sampai hari ini, aku masih terngiang2 Film Critical Eleven, ya Tuhan. Betapa aku banyak belajar dr menonton itu. Hemmmm",positive,"['terngiang', 'film', 'critical', 'eleven', 'tuhan', 'betapa', 'belajar', 'menonton', 'hemmmm']"
habis liat Film kartini yg luar biasa...pemikiran dan gerakan kartini hrs di lanjutkan,positive,"['habis', 'lihat', 'film', 'kartini', 'biasapemikiran', 'gerakan', 'kartini', 'lanjutkan']"
#filmkartini @Hanungbramantyo sangat layak utk diapresiasi tinggi. Tak ada gading yg tak retak. Tp cuma retak samar. Film ini BAGUS!,positive,"['layak', 'diapresiasi', 'gading', 'retak', 'retak', 'samar', 'film', 'bagus']"
"Di Film Danur, justru yang membuat saya terkesan sosok Asih. Expresi yang datar, tanpa kata membuat penasaran,... http://fb.me/1uxomgQjS",positive,"['film', 'danur', 'terkesan', 'sosok', 'asih', 'ekspresi', 'datar', 'kata-kata', 'penasaran']"
Danur seru bangat flm nya Yg blm nonton harap nonton #l4like,positive,"['danur', 'seru', 'banget', 'film', 'belum', 'menonton', 'harap', 'menonton']"
Film-film tersebut juga cocok lho ditonton bareng anak Anda. Yuk mulai nonton lagi film berkualitas dari Indonesia #BTInd,positive,"['filmfilm', 'cocok', 'lho', 'ditonton', 'bareng', 'anak-anak', 'yuk', 'menonton', 'film', 'berkualitas', 'indonesia']"
"Gue udah nonton bang, sumpah pecah banget nih film karena berhasil bikin mewek nontonnya ? https://t.co/e9UbwUtbQJ",positive,"['gue', 'menonton', 'bang', 'sumpah', 'pecah', 'banget', 'film', 'berhasil', 'mewek', 'nontonnya']"
nih film komedi lucu bangt bahasa jawa https://t.co/46I52na21l https://t.co/TopkrZd0DZ,positive,"['film', 'komedi', 'lucu', 'banget-banget', 'bahasa', 'jawa']"
Awalnya sih sempet khawatir setiap liat film adaptasi dr novel takut gak sesuai ekspektasi tp #CriticalEleven malah bikin speechless.,positive,"['khawatir', 'lihat', 'film', 'adaptasi', 'novel', 'takut', 'enggak', 'sesuai', 'ekspektasi', 'speechless']"
Salah satu film yg gak pernah bikin bosen ditonton berapa kali pun: The Intern. What a lovely movie. @CenayangFilm,positive,"['salah', 'film', 'enggak', 'bosan', 'ditonton', 'kali', 'the', 'intern', 'what', 'lovely', 'movie']"
"Gk nysel aku bg, uda ntn vlog mu yang the guys dri awal smpe akhir, dan akhrnya terbayarkan sama film mu bang kern kli @radityadika seriusan",positive,"['enggak', 'nysel', 'bang', 'menonton', 'vlog', 'mu', 'the', 'guys', 'akhrnya', 'terbayarkan', 'film', 'mu', 'bang', 'kern', 'kali', 'seriusan']"
Tadi abis nonton @GetOutMovie. Gokil sih premisnya. Keren lah itu film.,positive,"['habis', 'menonton', 'gila', 'premisnya', 'keren-keren', 'film']"
@ernestprakasa Slamat koh ernes atas kemenangan film cek toko sebelahnya Kita kuat karna kita beragam bukan seragam,positive,"['selamat', 'koh', 'ernes', 'kemenangan', 'film', 'cek', 'toko', 'sebelahnya', 'kuat', 'beragam', 'bukan', 'seragam']"
"ini film keren banget bang Kekeluargaannya, cintanya, persahabatannya, komedinya dpt banget sumpah. Jadi makin cinta sama alfi. @radityadika",positive,"['film', 'keren-keren', 'banget', 'bang', 'kekeluargaannya', 'cintanya', 'persahabatannya', 'komedinya', 'banget', 'sumpah', 'cinta', 'alfi']"
Dan tiap scene Reza-Adinia ini selalu gold moment #CriticalEleven. Ini berdua emg dah ditakdirkan jadi pasangan plg cocok di film saat ini.,positive,"['scene', 'rezaadinia', 'gold', 'moment', 'berdua', 'deh', 'ditakdirkan', 'pasangan', 'pulang', 'cocok', 'film']"
"Film yang keren, pemainnya menggembirakan meski banyak penonton menangis. #kartini",positive,"['film', 'keren-keren', 'pemainnya', 'menggembirakan', 'penonton', 'menangis']"
"RT @GreatBos: Jarang nonton movie Indonesia Tapi. Yang judulnya Syahadat Cinta, bagus Pemirsa, Recommended .. Jalan ceritanya SERU! .. Hoo…",positive,"['jarang', 'menonton', 'movie', 'indonesia', 'judulnya', 'syahadat', 'cinta', 'bagus', 'pemirsa', 'recommended', 'jalan', 'ceritanya', 'seru', 'hoo']"
ASTAGAH! FILM FAVORIT KELUAR LAGI LANJUTANNYA. ,positive,"['astagah', 'film', 'favorit', 'lanjutannya']"
"Masih belun moveon dari #CriticalEleven dan ini bikin saya belajar satu hal. Buku yg diadaptasi ke film, gak bisa kita samakan kualitasnya",positive,"['belun', 'moveon', 'belajar', 'buku', 'diadaptasi', 'film', 'enggak', 'samakan', 'kualitasnya']"
"Sudah nonton Critical Eleven. Menyenangkan kok, masuk kategori film Indonesia yang wajib tonton lah.",positive,"['menonton', 'critical', 'eleven', 'menyenangkan', 'masuk', 'kategori', 'film', 'indonesia', 'wajib', 'tonton']"
@unaazizah @yanskii Film keren,positive,"['film', 'keren-keren']"
Lebih suka film yang bentar tapi menarik #DhikeFact,positive,"['suka', 'film', 'bentar', 'menarik']"
ga sabar nunggu Bluray nya. pasti banyak special feature yang keren. lebih lucu kalo ada bloopernya,positive,"['enggak', 'sabar', 'menunggu', 'bluray', 'special', 'feature', 'keren-keren', 'lucu', 'bloopernya']"
"Film The Guys wajib ditonton bagi kamu yang sayang orang tua, sahabat yang baik, creatif dan cinta kebebasan. Kereen bgt kak @radityadika",positive,"['film', 'the', 'guys', 'wajib', 'ditonton', 'sayang', 'orang-orang', 'tua', 'sahabat', 'creatif', 'cinta', 'kebebasan', 'keren', 'banget', 'kak']"
"Film The guys nya keren abiss bang @radityadika . Lucu dapet, romance nya dapet, dan sedih nya juga dapet.",positive,"['film', 'the', 'guys', 'keren-keren', 'habis', 'bang', 'lucu', 'romance', 'sedih']"
"41 Vlog dan nunggu 22 hari setelah tanggal rilis baru nonton, kece banget, cerita yang tak tertebak sama sekali. Film THE GUYS @radityadika",positive,"['vlog', 'menunggu', 'tanggal', 'rilis', 'menonton', 'kece', 'banget', 'cerita', 'tertebak', 'film', 'the', 'guys']"
Kmrn nonton film THE GUYS di situ bener2 ngerasain bgt bahwa sahabat lebih dari segala2''y knapa bang kalau bkn film sllu keren @radityadika,positive,"['kemarin', 'menonton', 'film', 'the', 'guys', 'situ', 'merasai', 'banget', 'sahabat', 'segalay', 'knapa', 'bang', 'bukan', 'film', 'keren-keren']"
Kartini... pemamarannya sangat sederhana dan apa adanya yang justru membuat film ini sangat enak untuk dinikmati @Hanungbramantyo,positive,"['kartini', 'pemamarannya', 'sederhana', 'apa-apa', 'film', 'enak', 'dinikmati']"
Abis ntn film Kartini. Bnr2 menginspirasi dan makin membuka pikiran.,positive,"['habis', 'menonton', 'film', 'kartini', 'menginspirasi', 'membuka', 'pikiran']"
"baru nonton Kartini, salah satu film nasional yg sangat recommended untuk ditonton. saya nangis, campur aduk rasanya :'')",positive,"['menonton', 'kartini', 'salah', 'film', 'nasional', 'recommended', 'ditonton', 'menangis', 'campur', 'aduk']"
Film Kartini *sangat niat banget lihat film ini dan keren sekali dimana banyak scene2 yg sy harus menitikkan air mata #filmkartini #kartini ,positive,"['film', 'kartini', 'niat', 'banget', 'lihat', 'film', 'keren-keren', 'dimana-mana', 'scene', 'menitikkan', 'air', 'mata']"
KARTINI adalah salah satu film Indonesia bertema sejarah terbaik yg pernah dibuat. Digarap dgn serius dan tema msh relevan dgn kondisi skrg.,positive,"['kartini', 'salah', 'film', 'indonesia', 'bertema', 'sejarah', 'terbaik', 'digarap', 'serius', 'tema', 'relevan', 'kondisi']"
harusnya memang begini... Film kartini memang harus di tonton generasi muda http://fb.me/6tQqDGGLJ ,positive,"['film', 'kartini', 'tonton', 'generasi', 'muda']"
Menurutku danur bagus dan cukup bangga dengan film horor hasil karya bangsa ini,positive,"['menurutku', 'danur', 'bagus', 'bangga', 'film', 'horor', 'hasil', 'karya-karya', 'bangsa']"
Fargo juga adaptasi dari film yang cukup berhasil. Season 1-nya the best! https://t.co/tkEEK3Evs9,positive,"['fargo', 'adaptasi', 'film', 'berhasil', 'season', 'the', 'best']"
637.000 waw ini sangat keren flm horor dng jumlah penonton segini dlm waktu 4 hari @prillybie @danurmovie,positive,"['wow', 'keren-keren', 'film', 'horor', 'penonton', 'segini']"
@filmziarah film yang tenang dan menghanyutkan. Salut dengan Mbah Ponco yg bisa membawakan karakter Mbah Sri dengan sangat baik. #FilmZiarah,positive,"['film', 'tenang', 'menghanyutkan', 'salut', 'mbah', 'ponco', 'membawakan', 'karakter', 'mbah', 'sri']"
Film yg amat menarik. Kisah cinta & kesetiaan yg disajikan secara tidak biasa. Bikin kgn nenek. Recomended movie @filmziarah #meiberziarah,positive,"['film', 'menarik', 'kisah', 'cinta', 'kesetiaan', 'disajikan', 'tidak', 'kangen', 'nenek-nenek', 'recomended', 'movie']"
"Nntn @filmziarah , film bagus, ada kali 5 menit penonton gak beranjak tetep ngliatin layar pdhl film dah selesai, msh spicles sm endingnya",positive,"['menonton', 'film', 'bagus', 'kali', 'menit', 'penonton', 'enggak', 'beranjak', 'ngliatin', 'layar', 'film', 'deh', 'selesai', 'spicles', 'endingnya']"
