full_text,processed
Ini yang membuat Prabowo-Gibran di jegal habis2an sejak mulai pendaftaran hingga pilpres 02 menangpun diupayakan gagal dan batal di diskualifikasi sampai rame2 bikin AC. pemilu minta diulang tanpa 02. Krn mrk ngeri korupsi bakalan dibongkar habis2an bakal dihabisi tanpa ampun https://t.co/ITmVXiofGi,prabowogibran jegal habisan pendaftaran pilpres menangpun diupayakan gagal batal diskualifikasi rame ac pemilu diulang ngeri korupsi dibongkar habisan dihabisi ampun
Adian Napitupulu merespons Gibran Rakabuming yang mengatakan Apakah (pemilu) minta diulang sampai menang? Pernyataan Adian disampaikan di Mata Najwa Adu Kuat Urusan Konstitusi yang membahas gugatan sengketa pemilu ke MK dan potensi Hak Angket. | Mata Najwa #MNPenetapanKPU https://t.co/eQQ0oUQHLO,adian napitupulu merespons gibran rakabuming pemilu diulang menang pernyataan adian mata najwa adu kuat urusan konstitusi membahas gugatan sengketa pemilu potensi hak angket mata najwa
Tadi ada temen bayar utang terus ngomong gini Temen gwe : Pemilu gimana pemilu jangan diulang lah kasian tar ganjar ama anies kalah lagi Gwe : Iya iya kgk ngurusin gua pusing beras telor segala macem naek Temen gwe : Lah itu mah justru bagus harga gabah naek petani,teman bayar utang mengomong teman gwe pemilu pemilu jangan-jangan diulang kasihan entar ganjar anies kalah gwe iya iya kgk mengurusi gua pusing beras telor teman gwe mah bagus harga gabah petani
Sepakat Bu Dosen Kita Semuanya Jgn Mau Terkunci Psywar Para Advokat Kalau Pemilu Tidak Bisa Diulang Dgn Dalih Apapun. Kita Hrs Optimis Pemilu Yg Super Curang ini Bisa Diulang Dengan Baik &amp; Seadil2nya. Salam Demokrasi üáÆüá©üáÆüá© https://t.co/W4CsCKH96b,sepakat bu dosen jangan terkunci psywar advokat pemilu tidak diulang dalih apapun optimis pemilu super curang diulang seadilnya salam demokrasi
Bansos untuk seluruh rakyat Indonesia yg berhak menerima tapi ga semua pendukung 02 terima Bansos... Terus junjungan kalian kalah dan kalian minta pemilu diulang... lha kowe sopo??! Yg jelas 58% rakyat ingin punya Presiden yg bukan JONGOS KETUM PARPOL&amp;PEMODAL...Paham???!! https://t.co/BwOc7jVZ3x,bansos rakyat indonesia berhak menerima enggak pendukung terima bansos junjungan kalah pemilu diulang kowe sopo jelas-jelas rakyat presiden bukan jongos ketum parpolamppemodalpaham
Bivitri Susanti minta masyarakat tak termakan narasi pemilu tidak bisa diulang #RakyatSiagaKawalMK #RakyatSiagaKawalMK https://t.co/tIAGShyixy,bivitri susanti masyarakat termakan narasi pemilu tidak diulang
KEMARIN PILPRES SEKARANG JOKOWI . . . Apakah pemilu masih mungkin untuk diulang? Jangan tanya pada capres apalagi pada para pendukungnya tanya pada parpol yang mengusungnya. Jangankan sekali pengulangan sepuluh kali pun akan mereka minta selama masih kalah. Kenapa parpol? https://t.co/6zpdLAYN0g,kemarin pilpres jokowi pemilu diulang jangan-jangan capres pendukungnya parpol mengusungnya pengulangan sepuluh kali kalah parpol
Gugat Hasil Pilpres 2024 Anies-Imin Minta Pemilu Diulang Tanpa Gibran https://t.co/UBtmW5VF7n,gugat hasil pilpres aniesimin pemilu diulang gibran
Yakin MK Batalkan Hasil Pilpres 2024 AMIN: Kalau Pemilu Tak Diulang Membahayakan Bangsa Ini! https://t.co/RUCmZZXWwI,batalkan hasil pilpres amin pemilu diulang membahayakan bangsa
Sidang Isbat jadinya pemilu diulang dan cawapresnya dianulir,sidang isbat pemilu diulang cawapresnya dianulir
Yakin MK Batalkan Hasil Pilpres 2024 AMIN: Kalau Pemilu Tak Diulang Membahayakan Bangsa Ini! https://t.co/iNcJEwOZ35,batalkan hasil pilpres amin pemilu diulang membahayakan bangsa
Pemilu harus diulang kata si doi. Gibran ndak boleh ikut. Takut kalau Gibran ikut nanti si doi keok lagi :) https://t.co/rC8T6xSCox,pemilu diulang kata-kata doi gibran indak takut gibran doi keok
Garong di atas garong aja masih punya hak untuk dibela. Pemilih dan pendukung Gemoy bodoh level kaidah dasar malah bilang Ya udah sih. Kalian kalah mah kalah aja. Terima aja. Mau diulang sampai kalian menang pemilu? Pdh kelicikan di depan mata. Pendukung papan atasnya jadi,garong garong hak dibela pemilih pendukung gemoy bodoh level kaidah dasar bilang-bilang kalah mah kalah terima diulang menang pemilu pdh kelicikan mata pendukung papan atasnya
Pemilu diulang? Gak ada sejarahnya dan gak ada aturannya! #pilpres2024 #Pemilu2024 #prabowosubianto #gibranrakabuming #prabowogibran2024 #yusril https://t.co/lo408DEAAe,pemilu diulang enggak sejarahnya enggak aturannya
Kalau gugatan pemohon di kabulkan dan Pemilu diulang. Sejarah akan mencatat dengan tinta emas kisah gemilang Hakim - Hakim @officialMKRI sukses mengadili perkara kebrutalan Cawe-cawe Presiden pecandu kekuasaan. Dari awal....KECURANGAN itu JELAS. https://t.co/R6m3iM3RB7,gugatan pemohon kabulkan pemilu diulang sejarah mencatat tinta emas kisah gemilang hakim hakim sukses mengadili perkara kebrutalan cawecawe presiden pecandu kekuasaan awalkecurangan jelas-jelas
Hahahaha beneran mestinya 2 putaran dong siapa kmrn yang nanya apakah pemilu diulang sampai jagoan menang? https://t.co/Ti6kyvwtBh,hahahaha benaran mestinya putaran kemarin pemilu diulang jagoan menang
KALO SAMPE PEMILU DIULANG GUA KAWIN SAMA MONYET !!! TJEM KHAN ITU WAHAI KAUM 16% &amp; 24% ,pemilu diulang gua kawin monyet tjem kaum
 KETUA MK KETOK PALU PEMILU DIULANG TANPA GIBRAN Tidak ditemukan informasi terkait Ketua MK ketok palu dan pemilu diulang tanpa Gibran. Selain thumbnail merupakan hasil manipulasi video tersebut hanya menampilkan cuplikan dari beberapa peristiwa berbeda yang tidak https://t.co/sdlhs9pYqW,ketua ketok palu pemilu diulang gibran tidak ditemukan informasi terkait ketua ketok palu pemilu diulang gibran thumbnail hasil manipulasi video menampilkan cuplikan peristiwa berbeda tidak
Pakar Hukum: Tidak Ada Pemilu Diulang https://t.co/5ZUOBW39Di,pakar hukum tidak pemilu diulang
Napa Quote loe hapus ? Bilang LOE Ga SEWOT Gua sensitive Sukses Gesek Monyet Gua tau Ganjar emang HOBI SAMA BOKEP jd Wajar aja kl pdkung kek loe ikutan Sangean otaknya KEKNYA LOE KUDU BELAJAR SAMA MONYET DEH U/ PAHAMI KALIMAT GUA INI Kalo Pemilu DIULANG https://t.co/Et1RLEh9NL,quote lo hapus bilang-bilang lo enggak sewot gua sensitive sukses gesek monyet gua ganjar hobi bokep wajar pdkung kayak lo ikutan sangean otaknya kayaknya lo kudu belajar monyet deh pahami kalimat gua pemilu diulang
keuangan negara dh tipis bs bangkrut kalo PEMILU diulang ato 2 putaran. bacotan¬≤ sok bijak &amp; peduli dgn keuangan negara. trik maksa tuk menang seputaran dgn cara gk elok. kalian pake model senyap saat uang negara dijarah koruptor. ada ketakutan merusak program LANJUTKAN https://t.co/ey59tDrFFF,keuangan negara deh tipis bangkrut pemilu diulang putaran bacotan sok bijak peduli keuangan negara trik maksa menang seputaran enggak elok pakai model senyap uang negara dijarah koruptor ketakutan merusak program lanjutkan
Lambe Waras: Pemilih 01 02 dan 03 akan Legowo dan paham serta nrimo Jika MK memutuskan Pilpres Harus Diulang Daripada Potensi Konflik Politik dan Demokrasi Berkepanjangan Dimasa Pemerintahan Baru Dikarenakan Hasil Dari Pemilu Yang Curang. @officialMKRI,lambe waras pemilih legowo paham nrimo memutuskan pilpres diulang potensi konflik politik demokrasi berkepanjangan dimasa pemerintahan hasil pemilu curang
Tegas! Kubu Ganjar Minta Pemilu Diulang Prabowo Didiskualifikasi Hubungan Mega &amp; MK https://t.co/QjiPwWnINQ,kubu ganjar pemilu diulang prabowo didiskualifikasi hubungan mega
MK seyogyanya berani membuat keputusan yg besar. Bila memang ditemukan fakta ada pelanggaran etika dan pemilu harus diulang MK mesti membuat putusan itu. Tak usah ragu. Bangsa ini besar tak mungkin dipimpin oleh orang yang lahir cacat etika. Wibawa kepemimpinan akan hilang.,seyogyanya berani keputusan besar-besar ditemukan fakta pelanggaran etika pemilu diulang mesti putusan ragu bangsa besar-besar dipimpin orang-orang lahir cacat etika wibawa kepemimpinan hilang
Jawaban Menohok Gibran soal Gugatan Pemilu Diulang Tanpa Dirinya #PrabowoPilihanRakyat Prabowo Subianto https://t.co/PUik2ktGVT,menohok gibran gugatan pemilu diulang prabowo subianto
aku yakin putusan MK nanti ga bakal berpihak sama 01 03 tapi kalau nyatanya tanggal 22 april nanti MK memutus untuk menangguhkan hasil pemilu dan pemilu diulang dan/atau 02 didiskualifikasi im giving away my 1 gr of gold https://t.co/CGXlvjwcup,putusan enggak berpihak tanggal april memutus menangguhkan hasil pemilu pemilu diulang danatau didiskualifikasi im giving away my gr of gold
Dan menyangkut permohonan pemilu ulang yang dilayangkan dari 01 &amp; 03 juga dibantah oleh Prof. Yusril Ihza Mahendra. Menurutnya tak ada dalam sejarah &amp; perundang-undangan tentang pemilu diulang seluruhnya. Ini hanya #GugatanMustahil @tvOneNews https://t.co/x8B9pEtXcN,permohonan pemilu ulang dilayangkan dibantah prof yusril ihza mahendra menurutnya sejarah perundangundangan pemilu diulang
Pemilu harus diulang.,pemilu diulang
Dalam sejarahnya tidak ada pengulangan pilpres apalagi dalam perundang-undangan tentang pemilu diulang secara menyeluruh. Tidak ada sama sekali. #GugatanMustahil @mediaindonesia @tempodotco https://t.co/AI0OVoHvfS,sejarahnya tidak pengulangan pilpres perundangundangan pemilu diulang tidak
Tak satupun dari kedua pemohon menyodorkan DKPP sebagai saksi namun MK berkepentingan memanggil pihak DKPP itu apa maknanya MK ingin buktikan bahwa baik KPU bawaslu dan DKPP terbukti tak netral dalam bekerja shg mau tak mau pemilu harus diulang,satupun pemohon menyodorkan dkpp saksi berkepentingan memanggil dkpp apa-apa maknanya buktikan kpu bawaslu dkpp terbukti netral shg pemilu diulang
Mau 1000x diulang. Pemilu tetap ilegal. Sebab diselenggarakan orang¬≤ dalam jabatan ILEGAL.,diulang pemilu ilegal diselenggarakan orang-orang jabatan ilegal
Gibran Rakabuming Raka enggan menanggapi permintaan berbagai pihak agar diadakan Pemilu ulang tanpa dirinya. Namun pada akhirnya ia menanggapi hal tersebut ia menanyakan apa akan ada terus pengulangan sampai jagoannya menang. Misalnya nanti diulang terus jagoannya kalah https://t.co/4CYYdywwv4,gibran rakabuming raka enggan menanggapi permintaan diadakan pemilu ulang menanggapi apa-apa pengulangan jagoannya menang diulang jagoannya kalah
 MK Setujui Pemilu Resmi Diulang Video tidak menjelaskan mengenai klaim Pemilu diulang. Cuplikan dalam video hanya potongan video lain yang berisi tentang kubu Anies-Muhaimin dan Ganjar-Mahfud yang menginginkan pemungutan suara diulang. Selengkapnya di https://t.co/culQ0GlpAa,setujui pemilu resmi diulang video tidak klaim pemilu diulang cuplikan video potongan video berisi kubu aniesmuhaimin ganjarmahfud pemungutan suara diulang selengkapnya
Rakyat mulai meragukan @officialMKRI bakal berani ambil keputusan bersejarah : 1. Membatalkan putusan KPU 2. Diskualifikadi 02 atau Gibran 3. Pemilu diulang Zonder 02 #KawalKedaulatanRakyat #KawalKedaulatanRakyat,rakyat meragukan berani ambil keputusan bersejarah membatalkan putusan kpu diskualifikadi gibran pemilu diulang zonder
Bivitri Susanti Sebut Pilpres 2024 Bisa Diulang Emang Cukup Waktunya?: Bivitri Susanti mengatakan bahwa Pilpres 2024 masih bisa diulang. Hal itu disampaikan dalam acara diskusi bertajuk 'Arah Hukum Putusan Mahkamah Konstitusi terhadap Sengketa Pemilu https://t.co/hleVAypRVH https://t.co/qbJOCCRVyu,bivitri susanti pilpres diulang bivitri susanti pilpres diulang acara diskusi bertajuk arah hukum putusan mahkamah konstitusi sengketa pemilu
Soal Diskualifikasi Prabowo-Gibran Rocky Gerung: Adu Kuat Jokowi vs Rakyat. Jika pemilu diulang potensi cawe-cawe Jokowi kecil. Itu akan menjadi pertarungan antara Jokowi dengan suara rakyat. https://t.co/gEtubHtdJd https://t.co/kJKw7Amq1Z,diskualifikasi prabowogibran rocky gerung adu kuat jokowi vs rakyat pemilu diulang potensi cawecawe jokowi kecil-kecil pertarungan jokowi suara rakyat
Waketum Partai Gerindra Habiburokhman menilai tim hukum Anies Baswedan dan Muhaimin Iskandar (Cak Imin) Refly Harun berhalusinasi soal berandai-andai pemungutan suara Pemilu 2024 diulang. Habiburokhman mengatakan tidak ada fakta di persidangan yang mendukung adanya kecurangan,waketum partai gerindra habiburokhman menilai tim hukum anies baswedan muhaimin iskandar cak imin refly harun berhalusinasi berandaiandai pemungutan suara pemilu diulang habiburokhman tidak fakta persidangan mendukung kecurangan
Dissenting Opinion Saldi: Pemilu Harusnya Diulang di Sejumlah Daerah https://t.co/Q5hUqxYljw,dissenting opinion saldi pemilu diulang daerah
Pemilu terburuk sepanjang masa memang patut dibatalkan dan harus diulang tanpa 02 @officialMKRI,pemilu terburuk patut dibatalkan diulang
Rekor Pemilu terburuk sepanjang sejarah harus diulang tanpa paslon 02.,rekor pemilu terburuk sejarah diulang paslon
kayanya emang gugatan ini selain ingin pemilu diulang tapi jadi ajang menyerang presiden kali yaa. mana gabisa bawa bukti apa2 cuman omong kosong aja isinya kebanyakan narasi dan asumsi. Kalo kata pak OC posita dan petitum nya tidak nyambung ,kayanya gugatan pemilu diulang ajang menyerang presiden kali enggak bisa bawa-bawa bukti apa-apa cuman omong kosong isinya kebanyakan narasi asumsi kata-kata oc posita petitum tidak menyambung
Pakar IT Anggap Pemilu Layak Diulang jika KPU Tak Mampu Lakukan Ini https://t.co/QOlcVaifpX,pakar anggap pemilu layak diulang kpu lakukan
Yg satu minta pemilu diulang tanpa @aniesbaswedan Dan satu lagi minta pemilu ulang tanpa Prabowo-Gibran Bisa dipastikan .. nantinya yg menang pasti Ganjar-Mahfud Ajurrrrrr Mending gak usah diulang ... langsung menang aja dah biar gak buang2 duit negara https://t.co/teUkixPjXX,pemilu diulang pemilu ulang prabowogibran menang ganjarmahfud ajurrrrrr mending enggak diulang langsung menang deh enggak buang duit negara
CARA MUDAH Jadi PRESIDEN DI INDONESIA 1. CURANGLAH 2. MENANGKANLAH. Jika Menang walau melalui Curang Tidak Mungkin Pemilu di ulang Secara Nasional ( Mahfud MD Ketua MK pemilu tidak mungkin diulang secara Nasional mungkin pertimbangan biaya),mudah presiden indonesia curanglah menangkanlah menang curang tidak pemilu ulang nasional mahfud md ketua pemilu tidak diulang nasional pertimbangan biaya
pemilu mau diulang tanpa 02 eh pada gak setuju semua sama netizen laknatullah di IG maunya golput doang bro sejahatnya ya kau milih 02 tapi presiden terpilihnya punya rekam jejak demi kau itu telah membutakan sejarah kasus hilangnya aktivis 97-98 pun masih belum kelar juga,pemilu diulang eh enggak setuju netizen laknatullah ig maunya golput doang bro sejahatnya kau memilih presiden terpilihnya rekam jejak kau membutakan sejarah hilangnya aktivis belum kelar
Pemilu Termahal Dunia Diulang di Beberapa Tempat Ini Penyebabnya https://t.co/Y4I5g7Ut0D https://t.co/Y4I5g7Ut0D,pemilu termahal dunia diulang penyebabnya
Yang (harusnya) didiskualifikasi emg paslon PS-GRR tapi bila pemilu diulang PS tetapbisa maju lagi dgn menggandeng cawapres lain. Skrg msh bulan April jd masih cukup waktu utk pilpres ulang. Thn 2004 pilpres putaran pertama di bln Juli dan putaran kedua di bln September.,didiskualifikasi paslon psgrr pemilu diulang pas tetapbisa maju menggandeng cawapres april pilpres ulang pilpres putaran juli putaran september
Lha mau diapakan. Memang skema yg dilakukan flawless. Semua tau kalau itu curang tapi legal. Ga realistis berharap gibran diskualifikasi trus pemilu diulang.,diapakan skema flawless curang legal enggak realistis berharap gibran diskualifikasi pemilu diulang
Yakin MK Batalkan Hasil Pilpres 2024 AMIN: Kalau Pemilu Tak Diulang Membahayakan Bangsa Ini! https://t.co/WxDnYwtFom https://t.co/WxDnYwtFom 2024 M,batalkan hasil pilpres amin pemilu diulang membahayakan bangsa
pemilu diulang sampai orang gila menang hahahahah,pemilu diulang orang-orang gila menang hahahahah
Imagine pemilu diulang 02 didiskualifikasi,imagine pemilu diulang didiskualifikasi
Apanya yg ditata pemilu aj diulang,apanya ditata pemilu diulang
kabar gembira pemilu akan diulang. diulang 5 tahun lagi.,kabar gembira pemilu diulang diulang tahun-tahun
Mohon maaf mereka HARUS MENERIMA KEKALAHAN DGN LAPANG DANA. GA USAH CENGENG DAN KOLOKAN SAMPAI MINTA PEMILU DIULANG SEGALA ! Atau lain kali ikut lomba makan KERUPUK saja dari pada bikin gaduh ! CC. @aniesbaswedan @cakimiNOW @ganjarpranowo @mohmahfudmd,mohon maaf menerima kekalahan lapang dana enggak cengeng kolokan pemilu diulang kali lomba makan kerupuk gaduh cc
tadi pas tidur mimpi pemilu diulang tp anggota kpps nya diganti.,pas tidur mimpi pemilu diulang anggota kpps diganti
Kemaren dikubur mimpi anak bangsa sekarang mimpinya dikubur nangis nangis minta pemilu diulang,kemarin dikubur mimpi anak-anak bangsa mimpinya dikubur menangis menangis pemilu diulang
PEMILU diulang itu hal yang mungkin wong uang ratusan Triliun diembat negara masih kuat.,pemilu diulang uang ratusan triliun diembat negara kuat
Giliran ikut debat malah di cut... Makanya aku diem aja tapi kalo nama Abah aku dibawa2 gabisa aku diam... Enak aja dibilang putusan MK udah bener trus kalo pemilu diulang berapa lagi pengeluaran negara? Korupsi mereka lbh banyak yaa daripada dana pemilu,giliran debat cut diam nama-nama abah dibawa enggak bisa diam-diam enak dibilang putusan pemilu diulang pengeluaran negara korupsi dana pemilu
Kubu Anies Yakin MK Batalkan Hasil Pilpres 2024: Kalau Pemilu Tak Diulang Membahayakan Bangsa Ini https://t.co/KIKEAd0iJC #KLYNews,kubu anies batalkan hasil pilpres pemilu diulang membahayakan bangsa
Jalan Tengah itu Pemilu diulang tanpa Gibran...Pilpresnya curang dari awal sebelum pemilihan,jalan pemilu diulang gibranpilpresnya curang pemilihan
Bener kata mama jangan tidur habis subuhan kalo gamau mimpi yang enggak-enggak. Masa aku mimpi pemilu diulang tapi aku jadi cawapresnya prabowo . Mana menang terus digugat lagi ,kata-kata mama jangan-jangan tidur habis subuhan enggak mau mimpi enggakenggak mimpi pemilu diulang cawapresnya prabowo menang digugat
Carut marut pilpres 2024 berawal dari @officialMKRI. Putusan MK 90 sudah melampaui wewenang MK memperkosa Konstitusi. Pendaftaran Gibran ke KPU menzinahi PKPU. Agar Produk Haram tidak mempin Indonesia 5thn yg akan datang. Pemilu hrs diulang dan Gibran wajib didiskualifikasi.,carut marut pilpres putusan melampaui wewenang memperkosa konstitusi pendaftaran gibran kpu menzinahi pkpu produk haram tidak mempin indonesia pemilu diulang gibran wajib didiskualifikasi
muakk bgt gua sama buzzer 02. pemilu uda kelar ttp aja nyampah di postingan orang lain. tu junjungan lo juga 2x kalah dulu 2x minta pemilu diulang kali.,muakk banget gua buzzer pemilu kelar menyampah postingan orang-orang junjungan lo kalah pemilu diulang kali
masa pemilu diulang Prabowo sudah dapat ucapan dari para pemimpin negara lain #PrabowoGibran,pemilu diulang prabowo ucapan pemimpin negara
Yuk kita doakan Pemilu diulang biar para caleg terpilih pada nyahok. Jgn hanya Pilpres yg dulang tapi semua. Karena semua dalam satu paket yg ditetapkan KPU,yuk doakan pemilu diulang caleg terpilih nyahok jangan pilpres dulang paket ditetapkan kpu
akibat hanya mengandalkan rekap hitung hitungan yg jelas bukan jadi poin utama. Udah panas aja duluan protes 01 03 mau bawa ke MK. Udah dibilangin biarin aja tim penggugat bicara begitu. Memang gak mungkin pemilu diulang tapi buat buka fakta lain,akibat mengandalkan rekap hitung hitungan jelas-jelas bukan poin utama panas duluan protes bawa-bawa dibilangin biarkan tim penggugat bicara enggak pemilu diulang buka fakta
Kalau sudah ga suka ya sulit walaupun Pemilu diulang tapi tetap jadi pihak yang kalah pasti akan protes bahwa yang menang curang!,enggak suka sulit pemilu diulang kalah protes menang curang
Percayakan MK akan memutuskan berdasarkan banyak pertimbangan yang sesuai konstitusi dan jelas dalam pemilu saat sarat dengan kecurangan yang TSM hingga pemilu diulang kembali tanpa Paslon 02,percayakan memutuskan berdasarkan pertimbangan sesuai konstitusi jelas-jelas pemilu sarat kecurangan tsm pemilu diulang paslon
Hasil akhir terbaik adalah pemilu diulang dan Paslon 02 tanpa Gibran silahkan cari gantinya. Ini akan mengembalikan mengembalikan marwah negara Hukum dan Konstitusi di negeri ini,hasil terbaik pemilu diulang paslon gibran silakan cari gantinya mengembalikan mengembalikan marwah negara hukum konstitusi negeri
Penalti diulang karena aturannya jelas... pemilu tdk perlu diulang krn jg sdh jelas.... jelas bagi2 kekuasaan setelahnya... dpt jatah semua ujung2nya,penalti diulang aturannya jelas-jelas pemilu tidak diulang jelas-jelas jelas-jelas kekuasaan setelahnya jatah ujungnya
Pemilu Termahal Dunia Diulang di Beberapa Tempat Ini Penyebabnya https://t.co/b3uCpJqW6M,pemilu termahal dunia diulang penyebabnya
Satu hal yang di rasa mengerikan itu bisa diciptakan: jika keputusan ini diterima pemilu diulang wapresnya bowo diganti .yakin ga 'rusuh'? Semua bisa diciptakan. yang satu msh presiden yg satu masih menhan. Masih berkuasa. Ini yg bikin stress hakim MK. MK diujung tanduk.,mengerikan diciptakan keputusan diterima pemilu diulang wapresnya bowo diganti enggak rusuh diciptakan presiden menhan berkuasa stres hakim diujung tanduk
sebelumnya penalti Justin Hubner dpt ditepis oleh kiper Korsel. Tim Korsel sdh bersorak gembira menang. Tapi wasit menganulir penalti tsb karena melihat kiper Korsel sdh bergerak dulu sebelum Justin menendang. Andai wasit itu KPU mungkin lain ceritanya kalo Pemilu diulang ,penalti justin hubner ditepis kiper korsel tim korsel bersorak gembira menang wasit menganulir penalti kiper korsel bergerak justin menendang andai wasit kpu ceritanya pemilu diulang
Lha kita ini lho...gegara pemilu yg diulang 5 th nan 'eker'2an 'rebutan balung' lupa yg namanya silaturahmi...lupa tak blh umbar aib sesama sodara...lupa pd 'isi' debat kusir pd kulitnya saja... Wallahu 'alam bishshowab...,lhogegara pemilu diulang ekeran rebutan balung lupa namanya silaturahmilupa umbar aib sodaralupa isi debat kusir kulitnya wallahu alam bishshowab
Yusrilihza_Mhd minta supaya pemilu diulang MK harus menconto Thailand @NgkongRoses @Ganjar_Mahfud03 @DS_yantie https://t.co/BPuMgeSYpS,yusrilihzamhd pemilu diulang menconto thailand mahfud yantie
98 jt pemilih Prabowo itu realistis mereka sedang menghukum ANIS dan Ganjar yg telah merendahkan Prabowo dlm debat. Jika pemilu diulang dan Prabowo menang lagi kalian mau apa?,juta pemilih prabowo realistis menghukum anis ganjar merendahkan prabowo debat pemilu diulang prabowo menang apa-apa
Bivitri Minta Masyarakat Tak Terbawa Opini dari Kubu 02 Bahwa Pemilu Tak Bisa Diulang https://t.co/phg3WpAnfV,bivitri masyarakat terbawa opini kubu pemilu diulang
Klo pemilu diulang jangan2 jadi kembaran 16% ‚ÄçÔ∏è‚ÄçÔ∏è‚ÄçÔ∏è‚ÄçÔ∏è‚ÄçÔ∏è‚ÄçÔ∏è‚ÄçÔ∏è‚ÄçÔ∏è,pemilu diulang jangan-jangan kembaran
ALHAMDULILLAAH........MASIH ADA KEADILAN PEMILU DIULANG PS.GBRN DI DISKEALIFIKASI. TEGAKKAN KONSTITUSI.DAN JADIKAN HUKUM SEBAGAI PANGLIMA DI INDONESIA.üáÆüá©üáÆüá©üáÆüá©üáÆüá©,alhamdulillaahmasih keadilan pemilu diulang psgbrn diskealifikasi tegakkan konstitusidan jadikan hukum panglima indonesia
Pakar Hukum: Tidak Ada Pemilu Diulang https://t.co/MFmrSaR1AA,pakar hukum tidak pemilu diulang
Pakar Hukum: Tidak Ada Pemilu Diulang https://t.co/MAW76ZMLUx,pakar hukum tidak pemilu diulang
Gmn kalo MK memutuskan Gibran tdk sah pemilu diulang tanpa Gibran ...,memutuskan gibran tidak sah pemilu diulang gibran
Ga kaget sih sm keputusan MK. Justru lbh kaget kalo pemilu beneran diulang wkwk. Skrg udh ditahap males liat berita pilpres ini. Tinggal liat aja udh indonesia raya dgn 200jt jiwa dipimpin sm bocah ingusan yg pake ordal wkwkwkwkw,enggak kaget keputusan kaget pemilu benaran diulang wkwk ditahap malas lihat berita pilpres tinggal lihat indonesia raya juta jiwa dipimpin bocah ingusan pakai ordal wkwkwkwkw
MK tolak Gugatan 01-03 yah Mungkin krn gugatan mereka tdk berdasar dan statemant yg mereka beberkan juga tanpa bukti yg kuat dan lebih mengarah pd halusinasi dan mereka ingin mengadu nasip dgn modal 24% dan 16% dan berharap Pemilu diulang ,tolak gugatan gugatan tidak berdasar statemant beberkan bukti kuat mengarah halusinasi mengadu nasip modal berharap pemilu diulang
Yg panik itu 16% tapi ngarep pemilu diulang,panik mengharap pemilu diulang
Clear n clean pemilu wajib diulang tanpa si anak haram konstitusi,clear clean pemilu wajib diulang anak-anak haram konstitusi
Keren Mantappp kita tidak minta pemilu diulang sampai menang tapi kita minta pemilu diulang sampai tidak curang ,keren-keren mantap tidak pemilu diulang menang pemilu diulang tidak curang
Kalo pemilu diulang bakal ada promo2 lagi ga? Kalo ada mah mending diulang aja ,pemilu diulang promo enggak mah mending diulang
Gibran Tanya 'Pemilu Diulang Sampai Jagoan Menang?' Ini Kata TPN https://t.co/uh3pA04spW,gibran pemilu diulang jagoan menang kata-kata tpn
Pakar IT Sebut Pemilu 2024 Layak Diulang jika KPU Tak Mampu Lakukan Ini https://t.co/xfgBkt16C6,pakar pemilu layak diulang kpu lakukan
*RAPAT PLENO REAL COUNT KPU* *&lt;&lt;&lt;AMIN MENANG 1 PUTARAN&gt;&gt;&gt;* *JANGAN MAU TERJEBAK ADA PENGALIHAN ISU PEMILU ULANG ATAU 2 PUTARAN* *PERTAHANKAN KEMENANGAN WALAUPUN APA YANG AKAN KITA HADAPI. *01 - SUARA 58.84%* *02 - SUARA 24.64%* *03 - SUARA 16.77%* https://t.co/ESh6x8ipNz,rapat pleno real count kpu ltltltamin menang putarangtgtgt jangan-jangan terjebak pengalihan isu pemilu ulang putaran pertahankan kemenangan apa-apa hadapi suara suara suara
Permohonan 03: Kami meminta agar MK: 1. Diskualifikasi paslon 02. 2. Batalkan keputusan KPU nomor 360/2014 tentang penetapan hasil pemilu 2024. 3. Adakan pemilu ulang. Jaga jempol baik. Kita bersiap untuk putaran kedua. #MKHarusDiskualifikasi02 #MKHarusDiskualifikasi02 https://t.co/jZDVEtAIAd,permohonan diskualifikasi paslon batalkan keputusan kpu nomor penetapan hasil pemilu adakan pemilu ulang jaga jempol putaran
REZIM PANIK &amp; KETAR-KETIR.. !! AYO ANIES &amp; GANJAR SIAPKAN PEMILU PUTARAN 2 !!! https://t.co/cDF4IPFZfk,rezim panik ketarketir ayo anies ganjar siapkan pemilu putaran
PILPRES AKAN 2 PUTARAN... LAWAN TERUS KECURANGAN DAN BUKTIKAN JIKA PEMILU INI CURANG... TIMNAS AMIN TELAH BERHASIL MENGANTONGI SEBANYAK 800 RIBU DATA C1 DARI TPS SELURUH INDONESIA....‚ÄºÔ∏è #TabuhGenderangRevolusi #TabuhGenderangRevolusi üÜòüÜó https://t.co/PRt1FUo4kH,pilpres putaran lawan kecurangan buktikan pemilu curang timnas amin berhasil mengantongi ribu data tps indonesia
PILPRES AKAN 2 PUTARAN... LAWAN TERUS KECURANGAN DENGAN DATA FAKTA DAN BUKTIKAN JIKA PEMILU INI CURANG... TIMNAS AMIN TELAH MENGANTONGI 800.000 C1 HASIL DAN SEDANG DI INPUT DARI TPS DI SELURUH INDONESIA....‚ÄºÔ∏è #Pemilu2024MilikRakyatRI #Pemilu2024MilikRakyatRI üÜòüÜó https://t.co/33wqVWmRZO,pilpres putaran lawan kecurangan data fakta buktikan pemilu curang timnas amin mengantongi hasil input tps indonesia
Nih mrk yg ngotot pengen pemilu diulang katanya Pilpres ini sdh disetting hasilnya dr awal &amp; Sirekap KPU sdh dipasang jason script paslon yg kalah dpt suara 17 % mestinya 33 % jd pemilu hrsnya 2 putaran. kok bisa ucapan politisi bohong begini takada proses hk ? @DivHumas_Polri https://t.co/XarO6hbbVP,ngotot pengin pemilu diulang pilpres disetting hasilnya sirekap kpu dipasang jason script paslon kalah suara mestinya pemilu putaran ucapan politisi bohong takada proses hk polri
Pendukung 02 tuh jahat2!! Minta pemilu 2 putaran aja kok ngga dikasih... Biarin napa seh kan masih bisa rebutan posisi runner up antara omGan dan BahNis https://t.co/d1FztV0jAG,pendukung jahat pemilu putaran enggak dikasih biarkan rebutan posisi runner up omgan bahnis
Permohonan 03: Kami meminta agar MK: 1. Diskualifikasi paslon 02 2. Batalkan keputusan KPU nomor 360/2014 tentang penetapan hasil pemilu 2024 3. Adakan pemilu ulang. Jaga jempol selama Ramadhan. Kita bersiap utk putaran ke2 #MKHarusDiskualifikasi02 #MKHarusDiskualifikasi02 https://t.co/VRvg72DPDL,permohonan diskualifikasi paslon batalkan keputusan kpu nomor penetapan hasil pemilu adakan pemilu ulang jaga jempol ramadhan putaran
Kedepannya bakal panas nih . PDIP ngaku punya bukti bahwa pemilu terjadi 2 putaran . Apakah nantinya Anies tetap kalah. Atau komisioner KPU di bakar hidup hidup oleh rakyat. ? https://t.co/7DaNTCh8Cv,kedepannya panas pdip mengaku bukti pemilu putaran anies kalah komisioner kpu bakar hidup hidup rakyat
KPU Bantah Kunci Suara Ganjar-Mahfud 17% Hasto PDIP: Kami Punya Bukti Seharusnya Pemilu 2 Putaran https://t.co/M0faVj5hPv,kpu bantah kunci suara ganjarmahfud hasto pdip bukti pemilu putaran
akibat hoax hasil pilpres tdk ditindak tegas ada politisi tnp bukti sbt suara paslonnya hrsnya 33% pdhl 1 propinsipun gk ada yg menang beda sendiri dg resmi KPU 17% ngotot pemilu maunya 2 putaran hasil pemilu jauh hr sdh diketahui Sirekap KPU dipasang jason script rekayasa https://t.co/WZTfbJq9aX,akibat hoax hasil pilpres tidak ditindak politisi bukti sbt suara paslonnya propinsipun enggak menang beda resmi kpu ngotot pemilu maunya putaran hasil pemilu sirekap kpu dipasang jason script rekayasa
Kl ini bisa dibuktikan oleh 01 dan 03. Maka pemilu jadi 2 Putaran. https://t.co/BMszMjOfjx,dibuktikan pemilu putaran
Pilpres atau Pemilu 1 putaran apakh lebaran Idul Fitri kali ini akn 1 putaran atau justru 2 putaran. Apkh ad lgi yg blng in bwa2 agama dlm politik? Selamat menyambut Idul Fitri 1445 H 2024 M Idul Fitri Sidang Isbat Muhammdiyah NU https://t.co/UoNcxDOoRu,pilpres pemilu putaran apakh lebaran idul fitri kali putaran putaran apkh bawa-bawa agama politik selamat menyambut idul fitri idul fitri sidang isbat muhammdiyah nu
Harapan pemilu 2 putaran https://t.co/F2uHPFHdRw,harapan pemilu putaran
pemilu 2 putaran banjir 2 putaran https://t.co/yQeyTHpdP3,pemilu putaran banjir putaran
Maka dari itu harapan @ganjarpranowo pemilu 2024 ini agar di lakukan 2 putaran https://t.co/Y9HfWwdQsS,harapan pemilu lakukan putaran
*RAPAT PLENO REAL COUNT KPU* *&lt;&lt;&lt;AMIN MENANG 1 PUTARAN&gt;&gt;&gt;* *JANGAN MAU TERJEBAK ADA PENGALIHAN ISU PEMILU ULANG ATAU 2 PUTARAN* *PERTAHANKAN KEMENANGAN WALAUPUN APA YANG AKAN KITA HADAPI. *01 - SUARA 58.84%* *02 - SUARA 24.64%* *03 - SUARA 16.77%* https://t.co/VS1dB0aOvl,rapat pleno real count kpu ltltltamin menang putarangtgtgt jangan-jangan terjebak pengalihan isu pemilu ulang putaran pertahankan kemenangan apa-apa hadapi suara suara suara
Ini ahli apaan sih ?? Lha wong kalo Pilpres jadi putaran ke 2 juga diadakan di bulan Juni. Masak trus kalo masuk putaran 2 ada kekosongan Presiden ?? https://t.co/7mzXJvhwZL,ahli pilpres putaran diadakan juni masak masuk putaran kekosongan presiden
Bukan pemilu ulang tapi pilpres putaran ke 2 tanpa Kontestan 02.,bukan pemilu ulang pilpres putaran kontestan
Waduh 2 putaran apa pemilu ulang nih,putaran apa-apa pemilu ulang
Hak angket itu urusan DPR RI.Jika Hakim MK memutuskan Pemilu 2 putaran Tanpa 02.Apakah Hak angket tetap di gelar?,hak angket urusan dpr rijika hakim memutuskan pemilu putaran hak angket gelar
Yakinlah bahwa MK akan memutuskan Pemilu 2 putaran tanpa Pasangan 02. Hakim¬≤ bukan boneka Jokowi bukan juga boneka 9 Naga.,yakinlah memutuskan pemilu putaran pasangan hakim bukan boneka jokowi bukan boneka naga
udah dapet bocoran fix ada putaran ke 2 pemilu lagi nanti sehabis lebaran guys,bocoran fix putaran pemilu sehabis lebaran guys
Dari awal kami sadar 01 &amp;03 ngk akan menang dari 02 1 putaran bangsat tapi 01/03 bisa masuk putaran 2. 01 dan 03 sadar ngk punya 470T buat nyogok rakyat tapi tetep aja segala cara dilakukan supaya ngk ada putaran 2. Emang pemilu anjing. Ngk undi koin aja dari awal.,sadar enggak menang putaran bangsat masuk putaran sadar enggak nyogok rakyat enggak putaran pemilu anjing enggak undi koin
Harus nya 2 Putaran sihh gila kali bansos massif banget jelasng pemilu eeedaaaaaan,putaran gila kali bansos massif banget jelasng pemilu eeedaaaaaan
Kalau pemilu 2 putaran ngapain yah 03 ikut menggugat juga? Kan mereka mah udah pasti tereleminasi karena cuman 15%,pemilu putaran mengapai menggugat mah tereleminasi cuman
Prabowo katanya ingin mati demi Indonesia maju dan sejahtera.Tentu Prabowo akan menolak putusan KPU yang memenangkannya secara curang yang sangat merusak demokrasi.Untuk menyelamatkan Demokrasi Prabowo harus mundur dan Atau pemilu 2 putaran secara jurdil.,prabowo mati indonesia maju sejahteratentu prabowo menolak putusan kpu memenangkannya curang merusak demokrasiuntuk menyelamatkan demokrasi prabowo mundur pemilu putaran jurdil
Masih banyak peluang pemilu lanjut 2 putaran atau pemilu di batalkan utk sementara waktu Kursi presiden biar kosong.Dan di lanjutkan Wakil Presiden Maruf Amien.,peluang pemilu putaran pemilu batalkan kursi presiden kosongdan lanjutkan wakil presiden maruf amien
Selamat berlebaran Mas Anies'dan keluarga Minal Aidzin walfaidzin...tetap semangat menunggu putusan MK dan persiapan putaran ke 2 pemilu Pilpres 2024.,selamat berlebaran mas aniesdan keluarga minal aidzin walfaidzintetap semangat menunggu putusan persiapan putaran pemilu pilpres
opini saja yaa kalo meng-anggarkan suatu event pasti anggaran tsb cukup untuk memenuhi main case and other case dalam kasus ini pemilu ulang/pemilu 2 putaran. logikanya pasti udh ada anggarannya kak,opini menganggarkan event anggaran memenuhi main case and other case pemilu ulangpemilu putaran logikanya anggarannya kak
Hakim MK ada 9 orang bagi oligarki sebanyak itu sangatlah mudah diaturnya ketimbang ngatur biaya kampanye untuk Pemilu ulang/putaran ke 2.,hakim orang-orang oligarki mudah diaturnya ketimbang mengatur biaya kampanye pemilu ulangputaran
Jiahhhh ga tau siapa masterpiecenya tp berhasil nasdem sengaja mengusung anis untuk memecah suara ganjar klo pemilu hanya prabowo vs ganjar prabowo bisa kalah atau bisa jd pemilu 2 putaran.,jiahhhh enggak masterpiecenya berhasil nasdem sengaja mengusung anis memecah suara ganjar pemilu prabowo vs ganjar prabowo kalah pemilu putaran
Bila ada yg berpendapat bahwa pemilu 2 putaran itu opini yg sangat rasional. Akan tetapi pilpres diperkosa utk 1 putaran. Hal demikian sebenarnya menandakan: 1. Pemilu hanya formalitas. 2. Yg menang harus ini. 3. Paslon lain hanya utk pantes2an. - Abuse of power pun jadi wajar.,berpendapat pemilu putaran opini rasional pilpres diperkosa putaran menandakan pemilu formalitas menang paslon pantesan abuse of power wajar
Kebodohan apa ini? Vidio kapan? Jgn hoax. 51‚ÑÖ itu sy tdk yakin kalau pemilu Rq jujur paling 2 putaran. Kalau tdk ada cawe Bansos paling pun 2 putaran. 51‚ÑÖ dr berapa TPS? jgn bodoh,kebodohan apa-apa vidio jangan hoax tidak pemilu rq jujur putaran tidak cawe bansos putaran tps jangan bodoh
Pemilu 2024 dimungkinkan 2 putaran jika dugaan SiRekap diset awal untuk upaya 1 putaran. Data2 hasil TPS tetap ada dan itu juga harus diawasi dan dijadikan hasil pemilu. KPU harus segera menghitung secara jujur.,pemilu putaran dugaan sirekap diset upaya putaran data hasil tps diawasi dijadikan hasil pemilu kpu menghitung jujur
pengumuman resmi dari kpu blm final tp udah bikin foto menggiring opini publik se olah2 udah menang 1 putaran spt ini gak sabaran br unggul fersi quickcount udah sombong kau samsul akan terjadi pemilu 2 putaran malunya sampe ke ubun2.,pengumuman resmi kpu belum final foto-foto menggiring opini publik olah menang putaran enggak sabaran unggul fersi quickcount sombong kau samsul pemilu putaran malunya ubun
pihak 02 gembor2 politik satu putaran agar hemat waktu dan dana eh skrg terbukti curang jdi hrus diulang pemilu nya apa g sama aja jika 2 putaran? sama sama g hemat waktu dan dana,gembor politik putaran hemat dana eh terbukti curang diulang pemilu apa-apa putaran hemat dana
telah habislah pemilu untuk tahun ini seluruh anggaran yang terpakai adalah. 16 5 T untuk pemilu itu sendiri dan 496 T untuk ......... (AH SUDAHLAH). sampai jumpa di pemilu selanjutnya (itu juga kalo masih ada) oiya btw mahal juga ya biaya pemilu ga kebayang kalo 2 putaran.,habislah pemilu tahun-tahun anggaran terpakai pemilu ah jumpa pemilu oiya btw mahal biaya pemilu enggak terbayang putaran
Kan surya paloh udah di panggil jokowi tolak hak angket. Bayarannya pemilu 2 putaran. Anis vs prabowo.. Nanti kl di curangin lagi naru nangis,surya paloh panggil jokowi tolak hak angket bayarannya pemilu putaran anis vs prabowo curangin naru menangis
Bismillah. Opsi IV akan dikabulkan. Karena sumber masalah adalah Gibran bin Jokowi anak Presiden cawe cawe. Maka Gibran yg harus disingkirkan Itulah jalan tengah dan tidak perlu ada pemilu ulang tak perlu Putaran ke 2. Kalau Tidak. REVOLUSI..!! LAWAN TIRANI BONEKA CHINA,bismillah opsi iv dikabulkan sumber gibran bin jokowi anak-anak presiden cawe cawe gibran disingkirkan jalan tidak pemilu ulang putaran tidak revolusi lawan tirani boneka china
curiga gua pemilu 2 putaran,curiga gua pemilu putaran
@ninanenen Sorry to hear that kak. Awalnya aku kira krn di sini mau pemilu kan makanya pas tau satu putaran sempet lah kerasa naik dikit. IHSG kan positif tuh tp menurut alu bukan semata krn pemenangnya paslon tertentu.. tp kalo 2 putaran bisnis gak bisa gerak kak. Tp skrg stagnan lg nih,sorry hear that kak pemilu pas putaran kerasa dikit ihsg positif bukan pemenangnya paslon putaran bisnis enggak gerak kak stagnan
Pertanyaan sederhana: apakah para hakim MK berani mendiskualifikasi Paslon 02? Atau pemilu ulang? Atau 2 putaran?,sederhana hakim berani mendiskualifikasi paslon pemilu ulang putaran
Pemilu ulang dengan mendiskualifikasi pasangan 02 akan dilaksanakan seperti halnya Pilpres putaran 2 pada bulan Juni sehingga tidak akan ada kekosongan kekuasaan.,pemilu ulang mendiskualifikasi pasangan dilaksanakan halnya pilpres putaran juni tidak kekosongan kekuasaan
ko milih ulang kan ada 2 putaran! anggep aja diskualifikasi 02! dan pemilu engga berubah masih jalan di putaran ke 2! engga ada ngulang,memilih ulang putaran anggep diskualifikasi pemilu enggak berubah jalan putaran enggak ngulang
Berdasarkan hasil audit forensik terhadap Sirekap milik KPU itu pakar IT PDIP menyimpulkan Pemilu 2024 seharusnya berlangsung dalam 2 putaran. (ist) #BeritaPolitik https://t.co/e5e0wa3WYK,berdasarkan hasil audit forensik sirekap milik kpu pakar pdip menyimpulkan pemilu putaran ist
Putaran 2 Pemilu yang sebenarnya ternyata di Parlemen. Akankah masuk angin lagi?,putaran pemilu parlemen masuk angin
Jadi dong bagi2nya.. Dulu ada yg bilang drpd buat pemilu 2 putaran ending 1 putaran aja anggaran lebihnya dibagi2.. Pejabat gila semua...,baginya bilang-bilang pemilu putaran ending putaran anggaran lebihnya dibagi pejabat gila
@kumparan Lah kalo pemilu di ulang yha sama aja kya pemilu 2 putaran Anggaran Pemilu kan emang di rancang sampai (2 putaran) klo terjadi 2 putaran. Jdi yha gaperlu ada narasi krisis¬≤. Emang udh ada penganggarannya krisis tuh klo bansos di rapel wkwk,pemilu ulang kaya pemilu putaran anggaran pemilu rancang putaran putaran gaperlu narasi krisis penganggarannya krisis bansos rapel wkwk
Ini exol pemilu putaran 2 kah? KWKWKWKWKWKW,exol pemilu putaran kah kwkwkwkwkwkw
ketua kpps begini pemilu wajib 2 putaran,ketua kpps pemilu wajib putaran
PDI Perjuangan: Jangan Kerangkeng Pemilu Ulang Tak Mungkin Pilpres Didesain 2 Putaran https://t.co/b1Mb9jvJxT,pdi perjuangan jangan-jangan kerangkeng pemilu ulang pilpres didesain putaran
PDIP: Jangan Kerangkeng Pemilu Ulang Tak Mungkin Pilpres Didesain 2 Putaran #newsupdate #update #news #text https://t.co/HWQl6lOMgI,pdip jangan-jangan kerangkeng pemilu ulang pilpres didesain putaran
Djarot menilai pemungutan suara ulang untuk Pilpres 2024 semestinya tak jadi masalah. Dia beralasan sejak awal Pilpres 2024 memang disiapkan untuk 2 putaran. #detikPemilu https://t.co/L32LUQr0uC,djarot menilai pemungutan suara ulang pilpres semestinya beralasan pilpres disiapkan putaran
Pemilu ulang aja kan emang 3 calon disiapin plan b buat 2 putaran (harusnya) jadi ya anggap aja 2 putaran yang lebih adil,pemilu ulang calon disiapin plan putaran anggap putaran adil
Langkah AMIN benar pemilu ulang bukan 2 putaran,langkah amin benar-benar pemilu ulang bukan putaran
@Widyarenee @An4Julie Kok gak nyambung ya.. Si ganjar minta pemilu ulang bukan pemilu putaran 2 Pemilu putaran 2 cuma ada kalau tidak ada pasangan diatas 50%,enggak menyambung ganjar pemilu ulang bukan pemilu putaran pemilu putaran tidak pasangan diatas
@dhemit_is_back Mereka berasumsi pemilu 2 putaran. Dananya masih kepakai 1 putaran. Jadi masih sisa dana buat 1 putaran lagi.. bisa buat biaya pemilu ulang. Tapi ngeritik pemerintah negara tidak baik baik saja utang negara menumpuk sambil menghamburkan uang negara. Kan moron ,isback berasumsi pemilu putaran dananya kepakai putaran sisa dana putaran biaya pemilu ulang ngeritik pemerintah negara tidak utang negara menumpuk menghamburkan uang negara moron
